Espresso,Large,1,2024-05-20 14:20:21
Latte,Small,1,2024-05-20 14:20:31
Peppermint,Small,1,2024-05-20 14:20:38
Greentea,Medium,1,2024-05-20 14:22:29
Rooibos,Small,1,2024-05-20 14:22:42
Americano,Large,1,2024-05-20 14:24:56
Mocha,Small,1,2024-05-20 14:25:02
Macchiato,Large,1,2024-05-20 14:25:10
Cuppaccino,Small,1,2024-05-20 14:25:17
Espresso,Small,1,2024-05-20 14:25:24
Americano,Medium,1,2024-05-20 14:26:02
Macchiato,Small,1,2024-05-20 14:26:08
Cinnamon,Medium,1,2024-05-20 14:26:43
Chamomile,Small,1,2024-05-20 14:26:51
Ceylon,Small,1,2024-05-20 14:26:57
Ceylon,Small,1,2024-05-20 14:27:04
Peppermint,Medium,1,2024-05-20 14:27:10
Greentea,Small,1,2024-05-20 14:27:20
Rooibos,Medium,1,2024-05-20 14:27:28
Chamomile,Large,1,2024-05-20 14:28:07
Rooibos,Small,1,2024-05-20 15:22:27
Peppermint,Medium,1,2024-05-20 15:22:45
Greentea,Large,1,2024-05-20 15:22:50
Cinnamon,Medium,1,2024-05-20 15:22:57
Chamomile,Medium,1,2024-05-20 15:23:05
Ceylon,Small,1,2024-05-20 15:23:13
Cuppaccino,Small,1,2024-05-20 15:28:18
Espresso,Medium,1,2024-05-20 15:28:22
Latte,Large,1,2024-05-20 15:28:27
Latte,Medium,1,2024-05-20 15:28:34
Macchiato,Small,1,2024-05-20 15:28:41
Mocha,Medium,1,2024-05-20 15:28:45
Americano,Large,1,2024-05-20 15:28:53
Rooibos,Medium,1,2024-05-20 15:29:25
Peppermint,Medium,1,2024-05-20 15:29:30
Greentea,Medium,1,2024-05-20 15:29:36
Cinnamon,Small,1,2024-05-20 15:29:41
Chamomile,Medium,1,2024-05-20 15:29:47
Ceylon,Large,1,2024-05-20 15:29:56
